{
	"pattrstorage" : 	{
		"name" : "piano",
		"slots" : 		{
			"1" : 			{
				"id" : 1,
				"data" : 				{
					"LHRegLow" : [ 0 ],
					"LHRegHigh" : [ 2 ],
					"LHArp" : [ 0 ],
					"LHRatio" : [ 0 ],
					"RHRegLow" : [ 5 ],
					"RHRegHigh" : [ 7 ],
					"RHArp" : [ 0 ],
					"RHRatio" : [ 0 ],
					"LHEnv1" : [ 1.0, 0.0, 1.0, 0.0, 0.000402, 0, 0.168531, 0.47099, 2, 0.272519, 0.630654, 2, 0.337063, 0.655864, 2, 0.394435, 0.59704, 2, 0.462565, 0.739897, 2, 0.523523, 0.765107, 2, 0.62751, 0.941578, 2, 0.742255, 0.899561, 2, 0.781698, 0.681074, 2, 0.835485, 0.891158, 2, 0.900029, 0.681074, 2, 0.9072, 0.580234, 2, 0.925129, 0.428973, 2, 1.0, 0.0, 2, "linear" ],
					"RHEnv2" : [ 1.0, 0.0, 1.0, 0.031915, 0.0, 0, 0.132979, 0.147304, 2, 0.190548, 0.428973, 2, 0.373422, 0.723091, 2, 0.441552, 0.832334, 2, 0.498924, 0.798721, 2, 0.602912, 1.0, 2, 0.642105, 0.947304, 2, 0.792958, 0.54662, 2, 0.868259, 0.462586, 2, 0.911288, 0.386956, 2, 0.939974, 0.328133, 2, 0.965075, 0.210486, 2, 0.990175, 0.109645, 2, 1.0, 0.000637, 2, "linear" ],
					"LHnotes" : [ -1 ],
					"RHnotes" : [ -1 ],
					"PhraseBars" : [ 16 ],
					"PhraseBeats" : [ 0 ]
				}

			}
,
			"2" : 			{
				"id" : 2,
				"data" : 				{
					"LHRegLow" : [ 0 ],
					"LHRegHigh" : [ 2 ],
					"LHArp" : [ 0 ],
					"LHRatio" : [ 0 ],
					"RHRegLow" : [ 5 ],
					"RHRegHigh" : [ 7 ],
					"RHArp" : [ 0 ],
					"RHRatio" : [ 0 ],
					"LHEnv1" : [ 1.0, 0.0, 1.0, 0.0, 0.000402, 0, 0.255245, 0.210486, 2, 0.272519, 0.630654, 2, 0.337063, 0.655864, 2, 0.395105, 1.0, 2, 0.503497, 0.487797, 2, 0.62751, 0.513007, 2, 0.699301, 0.773511, 2, 0.742255, 0.899561, 2, 0.832168, 1.0, 2, 0.835485, 0.891158, 2, 0.842657, 0.723091, 2, 0.9072, 0.580234, 2, 0.925129, 0.428973, 2, 1.0, 0.0, 2, "linear" ],
					"RHEnv2" : [ 1.0, 0.0, 1.0, 0.031915, 0.0, 0, 0.132979, 0.147304, 2, 0.211821, 0.160065, 2, 0.301899, 0.294519, 2, 0.426621, 0.44578, 2, 0.534022, 0.52141, 2, 0.61717, 0.672671, 2, 0.72457, 0.630654, 2, 0.792958, 0.54662, 2, 0.868259, 0.462586, 2, 0.911288, 0.386956, 2, 0.939974, 0.328133, 2, 0.965075, 0.210486, 2, 0.990175, 0.109645, 2, 1.0, 0.000637, 2, "linear" ],
					"LHnotes" : [ -1 ],
					"RHnotes" : [ -1 ],
					"PhraseBars" : [ 16 ],
					"PhraseBeats" : [ 0 ]
				}

			}

		}

	}

}
